,agency,firename,lat,lon,startdate,hectares,stage_of_control,timezone,response_type,timestamp
0,ab,RWF-040-2023,52.8087,-116.204, 2023-05-05 20:45:00,5089.0, UC, MDT, FUL,2023-12-10 00:50:16
1,ab,SWF-064-2023,54.896,-116.1, 2023-05-04 23:03:00,40060.0, UC, MDT, FUL,2023-12-10 00:50:16
2,ab,SWF-063-2023,54.9577,-115.681, 2023-05-04 22:05:00,123670.0, UC, MDT, FUL,2023-12-10 00:50:16
3,bc,2023-G91021,59.7755,-125.343, 2023-07-01 00:43:00,12.0, BH, PDT, MON,2023-12-10 00:50:16
4,ab,GWF-027-2023,54.5201,-117.357, 2023-05-13 18:44:00,54988.4, UC, MDT, FUL,2023-12-10 00:50:16
5,bc,2023-G80223,56.4112,-121.233, 2023-05-05 22:06:00,2947.0, UC, PDT, FUL,2023-12-10 00:50:16
6,ab,WCU-002-2023,53.6246,-115.101, 2023-04-30 01:37:00,2478.0, UC, MDT, FUL,2023-12-10 00:50:16
7,ab,EWF-035-2023,53.8368,-115.783, 2023-05-05 20:03:00,19672.0, UC, MDT, FUL,2023-12-10 00:50:16
8,ab,WCU-001-2023,53.5614,-114.903, 2023-04-29 22:40:00,6284.0, UC, MDT, FUL,2023-12-10 00:50:16
9,ab,GWF-035-2023,55.5859,-119.403, 2023-06-04 21:41:00,872.0, UC, MDT, FUL,2023-12-10 00:50:16
10,nt,FS010-23,61.0082,-119.992, 2023-06-12 23:11:00,90508.0, OC, MDT, FUL,2023-12-10 00:50:16
11,bc,2023-G90292,58.0517,-123.325, 2023-05-13 23:28:00,21056.0, BH, PDT, MON,2023-12-10 00:50:16
12,bc,2023-V93289,51.7347,-125.814, 2023-09-16 19:30:00,433.0, UC, PDT, MON,2023-12-10 00:50:16
13,bc,2023-G90776,58.2226,-123.885, 2023-06-14 04:03:00,804.46, BH, PDT, MON,2023-12-10 00:50:16
14,bc,2023-G90949,59.628,-126.953, 2023-06-28 00:51:00,5278.13, BH, PDT, MON,2023-12-10 00:50:16
15,bc,2023-G90956,59.5248,-126.651, 2023-06-28 03:39:00,12107.2, BH, PDT, MON,2023-12-10 00:50:16
16,bc,2023-G90565,57.9132,-123.931, 2023-06-02 18:14:00,208.0, UC, PDT, MON,2023-12-10 00:50:16
17,ab,HWF-065-2023,57.5528,-114.925, 2023-06-10 21:30:00,1425.2, BH, MDT, FUL,2023-12-10 00:50:16
18,bc,2023-G50912,55.7693,-126.376, 2023-06-26 00:45:00,816.9, BH, PDT, FUL,2023-12-10 00:50:16
19,bc,2023-R21225,54.0392,-126.826, 2023-07-08 02:03:00,86.0, UC, PDT, FUL,2023-12-10 00:50:16
20,bc,2023-R11387,53.7504,-126.174, 2023-07-09 19:20:00,12142.0, BH, PDT, MON,2023-12-10 00:50:16
21,bc,2023-G93240,58.2129,-122.007, 2023-09-13 17:46:00,6.4, UC, PDT, FUL,2023-12-10 00:50:16
22,ab,EWF-039-2023,53.4706,-115.871, 2023-05-06 03:51:00,165.0, UC, MDT, FUL,2023-12-10 00:50:16
23,bc,2023-G93241,58.4398,-122.064, 2023-09-13 18:51:00,0.5, UC, PDT, FUL,2023-12-10 00:50:16
24,bc,2023-G90790,57.8996,-123.61, 2023-06-15 03:22:00,10.0, BH, PDT, MON,2023-12-10 00:50:16
25,bc,2023-R23091,53.4992,-127.071, 2023-08-31 18:26:00,1255.0, UC, PDT, MON,2023-12-10 00:50:16
26,ab,EWF-037-2023,53.91,-117.559, 2023-05-06 16:50:00,578.0, UC, MDT, FUL,2023-12-10 00:50:16
27,ab,EWF-040-2023,53.9356,-117.776, 2023-05-06 17:07:00,12073.4, UC, MDT, FUL,2023-12-10 00:50:16
28,bc,2023-G80280,57.6187,-122.012, 2023-05-13 00:58:00,619072.0, UC, PDT, FUL,2023-12-10 00:50:16
29,ab,EWF-076-2023,52.9975,-116.422, 2023-07-24 23:19:00,71.6, UC, MDT, FUL,2023-12-10 00:50:16
30,ab,HWF-064-2023,59.2838,-119.067, 2023-06-09 21:47:00,6175.0, UC, MDT, FUL,2023-12-10 00:50:16
31,bc,2023-G60858,57.6324,-125.927, 2023-06-24 03:52:00,4638.0, BH, PDT, FUL,2023-12-10 00:50:16
32,bc,2023-G73347,55.7333,-122.261, 2023-09-22 22:59:00,15.0, UC, PDT, FUL,2023-12-10 00:50:16
33,bc,2023-G73192,55.4097,-121.185, 2023-09-08 20:11:00,17.0, UC, PDT, MON,2023-12-10 00:50:16
34,bc,2023-R11546,54.1573,-126.103, 2023-07-11 19:11:00,138.0, UC, PDT, FUL,2023-12-10 00:50:16
35,ab,PWF-074-2023,56.4525,-116.18, 2023-06-28 21:46:00,101.2, UC, MDT, FUL,2023-12-10 00:50:16
36,pc,2023WB18,59.762,-113.908, 2023-07-02 02:52:21,109244.0, OC, MDT, MON,2023-12-10 00:50:16
37,bc,2023-G73140,56.0086,-120.188, 2023-09-03 00:05:00,10.85, UC, PDT, FUL,2023-12-10 00:50:16
38,ab,HWF-087-2023,58.1581,-114.183, 2023-06-30 22:30:00,12508.0, BH, MDT, FUL,2023-12-10 00:50:16
39,pc,2023WB31,59.6844,-115.298, 2023-09-02 20:27:48,7822.0, OC, MDT, MON,2023-12-10 00:50:16
40,ab,RWF-034-2023,52.8151,-115.45, 2023-05-04 22:59:00,87492.0, UC, MDT, FUL,2023-12-10 00:50:16
41,ab,GWF-038-2023,55.655,-119.485, 2023-06-06 19:46:00,7148.0, UC, MDT, FUL,2023-12-10 00:50:16
42,pc,2023WB2,59.3952,-112.452, 2023-05-28 20:27:16,64149.0, OC, MDT, MOD,2023-12-10 00:50:16
43,bc,2023-C11290,52.8138,-122.935, 2023-07-08 20:17:00,2784.7, UC, PDT, FUL,2023-12-10 00:50:16
44,ab,HWF-102-2023,58.7211,-115.859, 2023-07-03 16:31:00,1166.5, UC, MDT, FUL,2023-12-10 00:50:16
45,ab,LSZ-001-2023,55.272,-110.026, 2023-08-04 08:35:00,4900.0, UC, MDT, FUL,2023-12-10 00:50:16
46,ab,SWF-060-2023,55.9564,-115.056, 2023-05-04 22:09:00,43981.0, UC, MDT, FUL,2023-12-10 00:50:16
47,bc,2023-C33245,52.596,-121.312, 2023-09-13 22:38:00,5.0, UC, PDT, MOD,2023-12-10 00:50:16
48,ab,HWF-083-2023,57.7994,-114.775, 2023-06-30 20:35:00,13700.0, BH, MDT, FUL,2023-12-10 00:50:16
49,bc,2023-G91359,58.232,-122.343, 2023-07-09 03:10:00,8.0, UC, PDT, MON,2023-12-10 00:50:16
50,ab,HWF-058-2023,58.1671,-118.42, 2023-06-05 01:03:00,234061.0, BH, MDT, FUL,2023-12-10 00:50:16
51,bc,2023-C42542,51.9398,-120.463, 2023-08-06 22:42:00,0.01, OC, PDT, FUL,2023-12-10 00:50:16
52,bc,2023-G52955,55.0494,-125.633, 2023-08-26 17:44:00,1590.6, BH, PDT, FUL,2023-12-10 00:50:16
53,bc,2023-C30399,52.6166,-121.071, 2023-05-19 21:10:00,964.0, UC, PDT, MOD,2023-12-10 00:50:16
54,bc,2023-C31143,52.6903,-121.364, 2023-07-05 23:24:00,308.0, UC, PDT, MOD,2023-12-10 00:50:16
55,bc,2023-C31684,52.5704,-120.494, 2023-07-14 17:25:00,27.3, UC, PDT, MOD,2023-12-10 00:50:16
56,ab,PWF-125-2023,56.8592,-119.659, 2023-07-24 01:58:00,17714.2, BH, MDT, FUL,2023-12-10 00:50:16
57,ab,PWF-093-2023,57.9818,-119.973, 2023-07-09 00:40:00,27174.4, BH, MDT, FUL,2023-12-10 00:50:16
58,bc,2023-G50872,55.3014,-124.841, 2023-06-24 21:06:00,17333.8, BH, PDT, FUL,2023-12-10 00:50:16
59,pc,2023WB23,60.457,-113.851, 2023-07-04 22:16:14,13934.0, OC, MDT, MON,2023-12-10 00:50:16
60,bc,2023-R91162,59.6421,-129.594, 2023-07-07 00:33:00,60064.1, UC, PDT, MOD,2023-12-10 00:50:16
61,ab,MWF-024-2023,57.7123,-110.647, 2023-05-28 18:05:00,28454.0, UC, MDT, FUL,2023-12-10 00:50:16
62,ab,MWF-038-2023,57.4602,-113.39, 2023-06-29 20:01:00,569.0, UC, MDT, FUL,2023-12-10 00:50:16
63,ab,MWF-039-2023,57.4217,-113.401, 2023-06-29 20:10:00,15200.0, UC, MDT, FUL,2023-12-10 00:50:16
64,ab,MWF-021-2023,57.6939,-113.296, 2023-05-28 01:40:00,14760.0, UC, MDT, FUL,2023-12-10 00:50:16
65,ab,MWF-026-2023,57.8825,-111.054, 2023-05-28 19:05:00,1705.0, UC, MDT, FUL,2023-12-10 00:50:16
66,bc,2023-G51411,55.3288,-125.351, 2023-07-09 23:02:00,451.6, BH, PDT, FUL,2023-12-10 00:50:16
67,ab,HWF-072-2023,57.6928,-116.02, 2023-06-24 01:48:00,30123.0, UC, MDT, FUL,2023-12-10 00:50:16
68,bc,2023-G50856,55.8798,-126.401, 2023-06-24 03:36:00,5712.7, BH, PDT, FUL,2023-12-10 00:50:16
69,ab,MWF-049-2023,59.9142,-110.114, 2023-07-06 00:01:00,20.0, UC, MDT, FUL,2023-12-10 00:50:16
70,ab,MWF-025-2023,58.8671,-111.146, 2023-05-28 18:30:00,105251.0, UC, MDT, FUL,2023-12-10 00:50:16
71,ab,MNZ-001-2023,58.0639,-112.669, 2023-10-27 11:00:00,2595.0, UC, MDT, FUL,2023-12-10 00:50:16
72,bc,2023-G91355,59.669,-122.625, 2023-07-09 03:06:00,350.0, BH, PDT, MON,2023-12-10 00:50:16
73,bc,2023-G70645,55.154,-120.67, 2023-06-06 20:41:00,25095.0, UC, PDT, FUL,2023-12-10 00:50:16
74,bc,2023-G92143,59.1076,-123.319, 2023-07-23 01:15:00,0.01, BH, PDT, MON,2023-12-10 00:50:16
75,ab,PWF-038-2023,56.3868,-116.809, 2023-05-06 05:24:00,6534.0, UC, MST, FUL,2023-12-10 00:50:16
76,bc,2023-R51245,53.8538,-128.594, 2023-07-08 04:10:00,200.0, UC, PDT, FUL,2023-12-10 00:50:16
77,bc,2023-C32266,52.8769,-120.406, 2023-07-25 21:07:00,78.0, UC, PDT, MOD,2023-12-10 00:50:16
78,ab,MWF-048-2023,57.8415,-113.263, 2023-07-03 22:38:00,3366.0, UC, MDT, FUL,2023-12-10 00:50:16
79,ab,MWF-041-2023,57.4795,-113.258, 2023-06-29 21:48:00,100.0, UC, MDT, FUL,2023-12-10 00:50:16
80,bc,2023-G51755,54.6306,-125.13, 2023-07-16 05:33:00,122.0, BH, PDT, FUL,2023-12-10 00:50:16
81,ab,MWF-043-2023,59.7624,-111.149, 2023-06-30 17:54:00,130805.0, UC, MDT, FUL,2023-12-10 00:50:16
82,bc,2023-C30446,52.8373,-120.466, 2023-05-21 01:42:00,241.7, UC, PDT, MON,2023-12-10 00:50:16
83,bc,2023-G91013,59.6431,-123.224, 2023-06-30 21:33:00,3764.8, BH, PDT, MOD,2023-12-10 00:50:16
84,bc,2023-G91722,59.4356,-123.734, 2023-07-15 18:56:00,42.0, BH, PDT, MON,2023-12-10 00:50:16
85,conus,Brice Creek,43.625,-122.569, ,231.255, 100% contained,,,2023-12-10 00:50:16
86,conus,East Fork,48.5298,-114.855, ,2129.9, 75% contained,,,2023-12-10 00:50:16
87,conus,Sidney,48.2694,-113.188, ,92.34, 0% contained,,,2023-12-10 00:50:16
88,conus,Dinner,43.704,-122.684, ,123.12, 100% contained,,,2023-12-10 00:50:16
89,bc,2023-G90709,59.8265,-123.552, 2023-06-10 19:55:00,37793.9, BH, PDT, MOD,2023-12-10 00:50:16
90,bc,2023-C32539,52.5738,-120.845, 2023-08-06 22:25:00,6.0, UC, PDT, MOD,2023-12-10 00:50:16
91,bc,2023-R51555,54.9494,-128.851, 2023-07-11 22:00:00,230.0, UC, PDT, FUL,2023-12-10 00:50:16
92,bc,2023-G80867,56.7086,-120.041, 2023-06-24 18:00:00,70.0, UC, PDT, FUL,2023-12-10 00:50:16
93,ab,GWF-018-2023,56.2818,-119.162, 2023-05-05 19:25:00,49327.7, UC, MDT, FUL,2023-12-10 00:50:16
94,ab,HWF-030-2023,58.468,-114.484, 2023-05-02 21:29:00,96582.0, UC, MDT, FUL,2023-12-10 00:50:16
95,ab,PWF-067-2023,57.648,-117.891, 2023-06-24 22:55:00,5248.0, UC, MDT, FUL,2023-12-10 00:50:16
96,bc,2023-R21673,53.8076,-126.691, 2023-07-13 21:42:00,4360.0, UC, PDT, FUL,2023-12-10 00:50:16
97,bc,2023-R51929,54.8294,-128.936, 2023-07-20 20:04:00,2.0, UC, PDT, FUL,2023-12-10 00:50:16
98,bc,2023-R31512,55.0104,-127.448, 2023-07-11 00:33:00,556.13, UC, PDT, MOD,2023-12-10 00:50:16
99,bc,2023-VA1664,53.1551,-127.074, 2023-07-13 18:13:00,55.0, UC, PDT, MON,2023-12-10 00:50:16
100,bc,2023-G51474,54.7353,-125.175, 2023-07-10 05:20:00,1503.4, UC, PDT, FUL,2023-12-10 00:50:16
101,bc,2023-G41511,53.7755,-124.426, 2023-07-10 23:56:00,4767.8, UC, PDT, FUL,2023-12-10 00:50:16
102,bc,2023-R51336,55.1462,-128.722, 2023-07-09 01:42:00,200.0, UC, PDT, FUL,2023-12-10 00:50:16
103,bc,2023-G41493,53.2252,-124.906, 2023-07-10 20:45:00,4878.8, UC, PDT, MOD,2023-12-10 00:50:16
104,bc,2023-G41502,53.5682,-125.245, 2023-07-10 22:21:00,34853.6, BH, PDT, FUL,2023-12-10 00:50:16
105,ab,HWF-130-2023,59.4662,-119.951, 2023-07-13 21:50:00,5555.0, UC, MDT, FUL,2023-12-10 00:50:16
106,bc,2023-R11238,54.0775,-126.178, 2023-07-08 03:26:00,359.0, UC, PDT, FUL,2023-12-10 00:50:16
107,bc,2023-R21250,54.4101,-126.415, 2023-07-08 04:46:00,2061.0, UC, PDT, FUL,2023-12-10 00:50:16
108,bc,2023-G90713,59.9508,-123.874, 2023-06-10 23:51:00,112.25, BH, PDT, FUL,2023-12-10 00:50:16
109,bc,2023-G80875,57.2791,-120.912, 2023-06-24 22:34:00,19136.5, UC, PDT, MON,2023-12-10 00:50:16
110,bc,2023-G81530,57.429,-120.2, 2023-07-11 04:41:00,6108.9, UC, PDT, MON,2023-12-10 00:50:16
111,bc,2023-G83130,58.2204,-121.744, 2023-09-02 22:20:00,673.0, UC, PDT, FUL,2023-12-10 00:50:16
112,pc,2023WB29,58.0812,-113.237, 2023-08-22 06:00:00,5900.0, OC, MDT, MON,2023-12-10 00:50:16
113,pc,2023WB25,59.5079,-114.258, 2023-07-17 19:39:53,77293.0, OC, MDT, MON,2023-12-10 00:50:16
114,pc,2023WB24,59.5512,-115.511, 2023-07-11 23:49:12,13736.0, OC, MDT, MON,2023-12-10 00:50:16
115,pc,2023WB12,58.1171,-112.644, 2023-05-31 01:08:52,20280.0, OC, MDT, MON,2023-12-10 00:50:16
116,ab,MWF-030-2023,59.2466,-110.953, 2023-06-04 16:25:00,7.4, UC, MDT, FUL,2023-12-10 00:50:16
117,ab,MNZ-003-2023,59.7608,-112.008, 2023-10-27 11:00:00,28973.0, UC, MDT, FUL,2023-12-10 00:50:16
118,ab,MSZ-001-2023,58.9446,-110.006, 2023-10-27 11:00:00,75.0, UC, MDT, FUL,2023-12-10 00:50:16
119,bc,2023-G51344,54.7485,-123.871, 2023-07-09 02:16:00,5219.6, BH, PDT, MON,2023-12-10 00:50:16
120,bc,2023-G92729,59.2618,-122.485, 2023-08-13 23:08:00,125.0, BH, PDT, FUL,2023-12-10 00:50:16
121,nb,62562,46.9907,-65.4772, 2023-08-19 19:59:26,0.1, BH, ADT, FUL,2023-12-10 00:50:16
122,pc,2023WB30,60.455,-115.6, 2023-09-02 20:13:50,5088.0, OC, MDT, MON,2023-12-10 00:50:16
123,pc,2023WB19,58.1625,-113.442, 2023-07-03 23:10:33,18781.0, OC, MDT, MON,2023-12-10 00:50:16
124,bc,2023-G41466,53.659,-123.784, 2023-07-10 04:28:00,262.0, UC, PDT, MON,2023-12-10 00:50:16
125,bc,2023-G41307,53.591,-124.152, 2023-07-08 23:25:00,44641.7, BH, PDT, FUL,2023-12-10 00:50:16
126,nt,SS052-23,60.7667,-116.8, 2023-08-02 20:12:00,252253.0, OC, MDT, FUL,2023-12-10 00:50:16
127,bc,2023-G91741,59.4346,-123.67, 2023-07-16 01:20:00,0.5, BH, PDT, MON,2023-12-10 00:50:16
128,bc,2023-G41509,53.5284,-125.05, 2023-07-10 23:22:00,104.4, UC, PDT, MON,2023-12-10 00:50:16
129,bc,2023-G51564,54.5447,-125.033, 2023-07-11 23:06:00,6143.2, UC, PDT, FUL,2023-12-10 00:50:16
130,bc,2023-G41569,53.675,-124.334, 2023-07-12 00:41:00,801.1, UC, PDT, FUL,2023-12-10 00:50:16
131,bc,2023-R13093,53.3021,-126.753, 2023-08-31 20:50:00,913.0, UC, PDT, MON,2023-12-10 00:50:16
132,ab,WWF-059-2023,54.1929,-115.852, 2023-11-20 16:50:00,5.9, UC, MST, FUL,2023-12-10 00:50:16
133,bc,2023-R11282,53.5192,-125.853, 2023-07-08 18:33:00,24810.8, BH, PDT, MON,2023-12-10 00:50:16
134,ab,GWF-023-2023,55.1574,-117.331, 2023-05-06 21:14:00,3851.0, UC, MDT, FUL,2023-12-10 00:50:16
135,ab,LWF-091-2023,54.5005,-113.656, 2023-05-04 22:50:00,200.0, UC, MDT, FUL,2023-12-10 00:50:16
136,bc,2023-G51279,54.4218,-123.649, 2023-07-08 18:00:00,48396.3, BH, PDT, FUL,2023-12-10 00:50:16
137,ab,HBZ-001-2023,58.21,-120.028, 2023-10-30 09:00:01,106542.0, BH, MDT, FUL,2023-12-10 00:50:16
138,ab,HWF-036-2023,58.4906,-119.403, 2023-05-03 22:26:00,203022.0, BH, MDT, FUL,2023-12-10 00:50:16
139,ab,HWF-109-2023,59.4532,-114.159, 2023-07-05 01:35:00,45061.0, BH, MDT, FUL,2023-12-10 00:50:16
140,ab,HWF-112-2023,59.225,-114.404, 2023-07-05 01:57:00,57412.0, BH, MDT, FUL,2023-12-10 00:50:16
141,conus,2023 Olympic National Park Lig,47.7369,-123.528, ,1941.97, 100% contained,,,2023-12-10 00:50:16
142,conus,2023 Ridge UNF,43.395,-122.477, ,86.67, 100% contained,,,2023-12-10 00:50:16
143,conus,2023 Airplane Lake OWF,48.0142,-121.013, ,2817.18, 0% contained,,,2023-12-10 00:50:16
144,pc,2023WB21,58.2461,-113.774, 2023-07-03 23:14:12,1525.0, OC, MDT, MON,2023-12-10 00:50:16
145,bc,2023-R21377,54.0454,-126.599, 2023-07-09 01:15:00,4762.24, UC, PDT, FUL,2023-12-10 00:50:16
146,ab,SWF-068-2023,55.8778,-116.408, 2023-05-05 19:12:00,143039.0, UC, MDT, FUL,2023-12-10 00:50:16
147,ab,PWF-141-2023,56.396,-118.966, 2023-10-09 23:37:00,1.6, UC, MDT, FUL,2023-12-10 00:50:16
148,bc,2023-G90810,57.651,-123.605, 2023-06-17 04:47:00,500.0, BH, PDT, MON,2023-12-10 00:50:16
149,bc,2023-R11277,54.4005,-125.469, 2023-07-08 17:53:00,6890.0, UC, PDT, FUL,2023-12-10 00:50:16
150,bc,2023-R21178,54.3053,-126.761, 2023-07-07 06:17:00,1444.72, UC, PDT, FUL,2023-12-10 00:50:16
151,bc,2023-R11244,54.2352,-125.643, 2023-07-08 04:05:00,8044.0, UC, PDT, FUL,2023-12-10 00:50:16
152,bc,2023-R21234,54.0151,-126.384, 2023-07-08 02:37:00,6758.0, UC, PDT, FUL,2023-12-10 00:50:16
153,bc,2023-R21609,55.0409,-125.894, 2023-07-12 16:24:00,168.0, UC, PDT, MON,2023-12-10 00:50:16
154,bc,2023-R13068,53.4286,-126.94, 2023-08-29 22:25:00,419.0, UC, PDT, MON,2023-12-10 00:50:16
155,ab,HBZ-004-2023,59.0512,-119.999, 2023-10-12 13:13:20,163.3, BH, MDT, FUL,2023-12-10 00:50:16
156,ab,SWF-116-2023,57.1762,-113.801, 2023-07-08 00:05:00,10670.0, UC, MDT, FUL,2023-12-10 00:50:16
157,ab,SWF-081-2023,56.9909,-113.459, 2023-05-14 18:37:00,33138.0, UC, MDT, FUL,2023-12-10 00:50:16
158,bc,2023-G60603,55.912,-123.135, 2023-06-04 16:12:00,363.88, UC, PDT, MON,2023-12-10 00:50:16
159,bc,2023-G60861,55.3665,-124.443, 2023-06-24 04:30:00,12274.6, BH, PDT, FUL,2023-12-10 00:50:16
160,bc,2023-G62150,55.8255,-123.187, 2023-07-23 01:43:00,375.53, UC, PDT, FUL,2023-12-10 00:50:16
161,bc,2023-G63092,55.9044,-123.102, 2023-08-31 19:19:00,58.46, UC, PDT, FUL,2023-12-10 00:50:16
162,bc,2023-R53413,56.5134,-129.542, 2023-10-10 02:39:00,0.01, UC, PDT, FUL,2023-12-10 00:50:16
163,nt,VQ056-23,65.1548,-126.304, 2023-11-19 19:00:00,1.0, OC, MST, MON,2023-12-10 00:50:16
164,conus,Smith River Complex,41.8586,-123.892, ,38518.3, 100% contained,,,2023-12-10 00:50:16
165,ab,HBZ-002-2023,60.0,-119.95, 2023-10-12 13:20:20,53676.9, BH, MDT, FUL,2023-12-10 00:50:16
166,ab,MWF-023-2023,57.9763,-113.215, 2023-05-28 17:15:00,59444.0, UC, MDT, FUL,2023-12-10 00:50:16
167,bc,2023-G72197,55.9988,-122.375, 2023-07-23 20:54:00,0.2, UC, PDT, FUL,2023-12-10 00:50:16
168,bc,2023-C31442,52.6915,-120.828, 2023-07-10 01:42:00,43.71, UC, PDT, MOD,2023-12-10 00:50:16
169,nt,SS069-23,60.0198,-112.674, 2023-08-09 17:17:00,43000.0, OC, MDT, FUL,2023-12-10 00:50:16
170,ab,HTZ-001-2023,59.9369,-118.075, 2023-10-12 14:29:00,55306.7, BH, MDT, FUL,2023-12-10 00:50:16
171,bc,2023-R53134,55.7814,-129.009, 2023-09-02 23:03:00,0.15, UC, PDT, FUL,2023-12-10 00:50:16
172,bc,2023-G60655,55.9945,-124.082, 2023-06-07 02:16:00,3215.3, UC, PDT, FUL,2023-12-10 00:50:16
173,bc,2023-G73106,55.9836,-121.675, 2023-09-01 20:55:00,2.0, UC, PDT, FUL,2023-12-10 00:50:16
174,bc,2023-C51571,52.7728,-125.58, 2023-07-12 00:54:00,3350.0, UC, PDT, FUL,2023-12-10 00:50:16
175,ab,HWF-135-2023,57.644,-114.128, 2023-07-16 22:32:00,380.0, BH, MDT, FUL,2023-12-10 00:50:16
176,bc,2023-G73406,55.6319,-121.428, 2023-10-09 00:04:00,1246.0, UC, PDT, FUL,2023-12-10 00:50:16
177,bc,2023-G43171,53.5489,-123.611, 2023-09-06 16:24:00,12.2, UC, PDT, FUL,2023-12-10 00:50:16
178,ab,HWF-159-2023,59.6846,-119.684, 2023-09-19 22:19:00,12060.0, UC, MDT, FUL,2023-12-10 00:50:16
179,bc,2023-R13124,54.4756,-125.179, 2023-09-02 20:19:00,280.0, UC, PDT, MON,2023-12-10 00:50:16
180,conus,2023 SRF Lightning Complex and,41.37,-123.631, ,20330.2, 100% contained,,,2023-12-10 00:50:16
181,conus,Trail Ridge,45.78,-113.867, ,7345.89, 80% contained,,,2023-12-10 00:50:16
182,conus,Camp Creek,45.4564,-122.082, ,832.275, 62% contained,,,2023-12-10 00:50:16
183,conus,Cowlitz Complex,46.5325,-121.775, ,296.055, 39% contained,,,2023-12-10 00:50:16
184,conus,Bowles Creek,46.1903,-113.812, ,2830.14, 0% contained,,,2023-12-10 00:50:16
185,ab,PWF-082-2023,56.9507,-119.776, 2023-06-30 21:50:00,8550.0, BH, MDT, FUL,2023-12-10 00:50:16
186,conus,Six Rivers Lightning Complex,40.9072,-123.598, ,16848.0, 100% contained,,,2023-12-10 00:50:16
187,conus,Ridge,48.3672,-113.955, ,1484.32, 98% contained,,,2023-12-10 00:50:16
188,conus,South Fork Complex,40.6383,-123.552, ,1591.24, 90% contained,,,2023-12-10 00:50:16
189,conus,Flat,42.5158,-124.037, ,13868.0, 93% contained,,,2023-12-10 00:50:16
190,conus,Lookout,44.2221,-122.146, ,10430.4, 100% contained,,,2023-12-10 00:50:16
191,ab,SWF-143-2023,55.3954,-115.746, 2023-10-19 19:10:00,0.01, UC, MDT, FUL,2023-12-10 00:50:16
192,bc,2023-C33293,52.4193,-120.869, 2023-09-17 02:02:00,0.5, UC, PDT, MOD,2023-12-10 00:50:16
193,bc,2023-R51712,53.0897,-127.507, 2023-07-15 03:02:00,770.0, UC, PDT, FUL,2023-12-10 00:50:16
194,bc,2023-C23452,52.0435,-121.702, 2023-10-27 23:22:00,2.13, UC, PDT, FUL,2023-12-10 00:50:16
195,bc,2023-C23455,52.044,-121.701, 2023-10-28 20:02:00,0.04, UC, PDT, FUL,2023-12-10 00:50:16
196,bc,2023-C23453,51.5977,-122.264, 2023-10-28 01:14:00,19.6, UC, PDT, FUL,2023-12-10 00:50:16
197,bc,2023-C23454,52.0428,-121.699, 2023-10-28 19:50:00,1.91, UC, PDT, FUL,2023-12-10 00:50:16
198,bc,2023-G41560,53.4528,-124.214, 2023-07-11 22:55:00,1144.3, BH, PDT, MOD,2023-12-10 00:50:16
199,bc,2023-G70644,55.3792,-120.083, 2023-06-06 20:15:00,4427.0, UC, PDT, FUL,2023-12-10 00:50:16
200,bc,2023-G51614,55.5544,-125.128, 2023-07-13 00:15:00,5.8, UC, PDT, MON,2023-12-10 00:50:16
201,bc,2023-C53002,52.0622,-123.56, 2023-08-28 23:26:00,1235.3, UC, PDT, FUL,2023-12-10 00:50:16
202,bc,2023-G41593,53.4824,-125.035, 2023-07-12 19:23:00,29.3, UC, PDT, MON,2023-12-10 00:50:16
203,ab,HWF-104-2023,59.955,-116.247, 2023-07-03 22:19:00,14250.0, UC, MST, FUL,2023-12-10 00:50:16
204,bc,2023-C31349,52.4453,-120.754, 2023-07-09 02:46:00,240.15, UC, PDT, MON,2023-12-10 00:50:16
205,bc,2023-G73243,55.7051,-120.346, 2023-09-13 20:52:00,0.5, UC, PDT, FUL,2023-12-10 00:50:16
206,conus,2023 Horse Creek,44.1617,-122.143, ,309.015, 100% contained,,,2023-12-10 00:50:16
207,conus,Petes Lake,43.9689,-121.901, ,1317.87, 80% contained,,,2023-12-10 00:50:16
208,conus,Grizzly,43.5931,-122.619, ,131.22, 0% contained,,,2023-12-10 00:50:16
209,conus,Morgan,42.4261,-120.685, ,927.045, 95% contained,,,2023-12-10 00:50:16
210,conus,Southwest Idaho Wildfire Crisi,45.2175,-116.126, ,0.0, Prescribed,,,2023-12-10 00:50:16
211,conus,2023 Chilcoot UNF,43.4297,-122.736, ,785.7, 96% contained,,,2023-12-10 00:50:16
212,bc,2023-K21633,51.0035,-119.825, 2023-07-13 03:52:00,45613.0, UC, PDT, FUL,2023-12-10 00:50:16
213,ab,SWF-144-2023,55.6718,-116.419, 2023-10-20 21:05:00,0.5, UC, MDT, FUL,2023-12-10 00:50:16
214,ab,PWF-144-2023,56.6122,-117.078, 2023-10-20 22:10:00,0.01, BH, MDT, FUL,2023-12-10 00:50:16
215,bc,2023-G80291,56.5112,-121.222, 2023-05-13 23:03:00,29505.9, UC, PDT, FUL,2023-12-10 00:50:16
216,bc,2023-G81934,57.981,-120.004, 2023-07-20 20:54:00,23.1, UC, PDT, MON,2023-12-10 00:50:16
217,bc,2023-R13032,53.6694,-126.291, 2023-08-29 18:11:00,2.0, UC, PDT, MON,2023-12-10 00:50:16
218,bc,2023-R11388,53.4616,-126.101, 2023-07-09 19:24:00,2779.0, UC, PDT, MON,2023-12-10 00:50:16
219,bc,2023-G73467,55.494,-120.982, 2023-11-10 17:20:00,0.2, UC, PDT, MON,2023-12-10 00:50:16
220,bc,2023-R21217,54.8934,-125.899, 2023-07-08 01:23:00,7984.0, BH, PDT, MON,2023-12-10 00:50:16
221,bc,2023-R11378,54.342,-125.293, 2023-07-09 16:48:00,1400.0, UC, PDT, MON,2023-12-10 00:50:16
222,ab,HWF-079-2023,59.8601,-115.804, 2023-06-25 22:04:00,42579.0, UC, MST, FUL,2023-12-10 00:50:16
223,bc,2023-R23113,53.661,-126.793, 2023-09-01 23:39:00,0.01, UC, PDT, MON,2023-12-10 00:50:16
224,bc,2023-R11274,54.4547,-125.276, 2023-07-08 15:28:00,428.0, UC, PDT, MOD,2023-12-10 00:50:16
225,bc,2023-C52978,51.5811,-125.082, 2023-08-27 21:21:00,16842.0, UC, PDT, FUL,2023-12-10 00:50:16
226,conus,2023 Sourdough Burned Area Eme,48.7383,-121.152, ,2579.45, 0% contained,,,2023-12-10 00:50:16
227,conus,Tyee Ridge Complex,43.3725,-123.587, ,3217.73, 90% contained,,,2023-12-10 00:50:16
228,conus,Deep,40.9361,-122.927, ,1700.19, 87% contained,,,2023-12-10 00:50:16
229,conus,Lost,41.3144,-123.984, ,299.7, 100% contained,,,2023-12-10 00:50:16
230,conus,Blue Lake,48.4994,-120.693, ,434.97, 80% contained,,,2023-12-10 00:50:16
231,bc,2023-C23459,52.0394,-121.693, 2023-10-30 18:53:00,5.99, UC, PDT, FUL,2023-12-10 00:50:16
232,bc,2023-G91739,59.4203,-123.656, 2023-07-16 01:17:00,33425.6, BH, PDT, MON,2023-12-10 00:50:16
233,bc,2023-R13165,53.2854,-126.716, 2023-09-04 23:30:00,0.01, UC, PDT, MON,2023-12-10 00:50:16
234,bc,2023-G91494,59.8051,-121.785, 2023-07-10 20:49:00,6996.4, BH, PDT, MON,2023-12-10 00:50:16
235,bc,2023-G91534,59.4272,-121.031, 2023-07-11 07:02:00,32257.2, BH, PDT, MON,2023-12-10 00:50:16
236,ab,SWF-138-2023,55.0234,-115.349, 2023-10-04 23:05:00,4.0, UC, MST, FUL,2023-12-10 00:50:16
237,conus,Tin Soldier,47.9517,-113.734, ,3306.82, 94% contained,,,2023-12-10 00:50:16
238,conus,Anvil,42.7458,-124.344, ,8978.85, 95% contained,,,2023-12-10 00:50:16
239,pc,2023WB14,58.96,-113.29, 2023-05-31 01:32:46,83116.0, OC, MDT, MOD,2023-12-10 00:50:16
240,pc,2023WB13,58.841,-113.196, 2023-05-31 01:25:47,100.0, OC, MDT, MOD,2023-12-10 00:50:16
241,pc,2023WB11,59.2167,-113.423, 2023-05-30 23:53:22,118948.0, OC, MDT, MON,2023-12-10 00:50:16
242,pc,2023WB7,59.6748,-112.425, 2023-05-29 22:09:23,348511.0, OC, MDT, FUL,2023-12-10 00:50:16
243,pc,2023WB9,58.8869,-113.232, 2023-05-29 21:07:31,4218.0, OC, MDT, MOD,2023-12-10 00:50:16
244,pc,2023WB8,58.9604,-112.99, 2023-05-29 19:03:21,4937.0, OC, MDT, MOD,2023-12-10 00:50:16
245,pc,2023WB1,58.6371,-114.002, 2023-05-16 22:51:58,24947.0, OC, MDT, MOD,2023-12-10 00:50:16
246,bc,2023-G90288,59.9636,-120.987, 2023-05-13 20:30:00,290073.0, BH, PDT, MOD,2023-12-10 00:50:16
247,bc,2023-G90273,58.0617,-121.912, 2023-05-12 20:25:00,42838.5, BH, PDT, MON,2023-12-10 00:50:16
248,bc,2023-G93145,58.5577,-124.234, 2023-09-03 01:19:00,0.01, BH, PDT, MON,2023-12-10 00:50:16
249,bc,2023-G93156,58.8513,-123.969, 2023-09-04 00:54:00,0.01, BH, PDT, FUL,2023-12-10 00:50:16
250,bc,2023-G93291,59.5718,-121.863, 2023-09-16 22:47:00,0.01, BH, PDT, FUL,2023-12-10 00:50:16
251,bc,2023-G93417,58.8848,-125.261, 2023-10-12 22:31:00,0.5, BH, PDT, FUL,2023-12-10 00:50:16
252,bc,2023-G90981,59.1395,-127.65, 2023-06-29 01:18:00,22393.5, BH, PDT, MON,2023-12-10 00:50:16
253,bc,2023-G91933,59.463,-120.0, 2023-07-20 20:51:00,2272.0, BH, PDT, MON,2023-12-10 00:50:16
254,bc,2023-G93102,59.8685,-121.921, 2023-09-01 17:09:00,6.0, BH, PDT, MON,2023-12-10 00:50:16
255,bc,2023-G93103,59.2495,-120.434, 2023-09-01 17:38:00,11.19, BH, PDT, MON,2023-12-10 00:50:16
256,bc,2023-G93120,58.7596,-127.711, 2023-09-02 02:13:00,700.0, BH, PDT, MON,2023-12-10 00:50:16
257,bc,2023-R51402,53.2281,-127.851, 2023-07-09 22:01:00,100.0, UC, PDT, FUL,2023-12-10 00:50:16
258,bc,2023-R51713,53.069,-127.52, 2023-07-15 03:08:00,66.0, UC, PDT, MON,2023-12-10 00:50:16
259,bc,2023-R51709,53.159,-127.728, 2023-07-15 02:34:00,110.0, UC, PDT, FUL,2023-12-10 00:50:16
260,bc,2023-R51710,53.125,-127.651, 2023-07-15 02:41:00,230.0, UC, PDT, FUL,2023-12-10 00:50:16
261,bc,2023-R51711,53.114,-127.599, 2023-07-15 02:46:00,512.0, UC, PDT, FUL,2023-12-10 00:50:16
262,bc,2023-G92498,58.5786,-120.937, 2023-08-05 23:54:00,275055.0, BH, PDT, FUL,2023-12-10 00:50:16
263,bc,2023-G60666,55.9468,-124.545, 2023-06-08 02:14:00,166857.0, BH, PDT, FUL,2023-12-10 00:50:16
264,bc,2023-G91313,58.672,-121.643, 2023-07-08 23:53:00,74685.7, BH, PDT, MON,2023-12-10 00:50:16
265,bc,2023-G92594,59.9374,-127.762, 2023-08-07 18:51:00,316.5, BH, PDT, FUL,2023-12-10 00:50:16
266,bc,2023-G92940,59.2838,-121.89, 2023-08-25 00:40:00,71002.7, BH, PDT, FUL,2023-12-10 00:50:16
267,bc,2023-G92947,59.2269,-128.059, 2023-08-25 23:47:00,7301.75, BH, PDT, MON,2023-12-10 00:50:16
268,bc,2023-G62952,55.5756,-123.544, 2023-08-26 17:00:00,205.06, BH, PDT, FUL,2023-12-10 00:50:16
269,bc,2023-G90628,58.5021,-120.412, 2023-06-05 15:50:00,173353.0, BH, PDT, MON,2023-12-10 00:50:16
270,bc,2023-G60853,55.2402,-123.67, 2023-06-24 02:48:00,22372.8, BH, PDT, FUL,2023-12-10 00:50:16
271,bc,2023-G91467,59.2839,-122.15, 2023-07-10 04:32:00,888.01, BH, PDT, MON,2023-12-10 00:50:16
272,qc,327,46.9528,-74.2703, ,30.0, OC, EDT, FUL,2023-12-10 00:50:16
273,conus,South Slope / Roza Slope,46.7281,-120.448, ,283.5, 0% contained,,,2023-12-10 00:50:16
274,bc,2023-C53478,51.7737,-123.582, 2023-12-05 19:49:00,28.42, BH, PDT, FUL,2023-12-10 00:50:16
275,ab,HNZ-001-2023,59.5251,-115.529, 2023-12-06 11:55:00,45282.7, UC, MST, FUL,2023-12-10 00:50:16
276,ab,WWF-023-2023,54.3939,-116.341, 2023-05-05 20:03:00,66436.7, UC, MDT, FUL,2023-12-10 00:50:16
277,ab,EWF-031-2023,53.1452,-115.687, 2023-05-04 19:21:00,201913.0, UC, MDT, FUL,2023-12-10 00:50:16
278,bc,2023-C11158,52.9687,-125.56, 2023-07-06 23:20:00,4306.0, OC, PDT, FUL,2023-12-10 00:50:16
279,nt,FS001-23,60.0514,-120.976, 2023-05-13 21:30:00,541766.0, OC, MDT, MOD,2023-12-10 00:50:16
280,ab,GWF-017-2023,55.0666,-117.391, 2023-05-05 18:04:00,5478.53, UC, MDT, FUL,2023-12-10 00:50:16
281,ab,GWF-019-2023,54.7357,-119.033, 2023-05-05 20:57:00,19435.0, UC, MDT, FUL,2023-12-10 00:50:16
282,ab,SWF-057-2023,55.0343,-115.148, 2023-05-04 18:04:00,16728.0, UC, MDT, FUL,2023-12-10 00:50:16
283,ab,SWF-095-2023,54.8679,-116.662, 2023-06-08 00:08:00,8500.0, UC, MDT, FUL,2023-12-10 00:50:16
